{
    "dim_brand": [
        "UF_CRM_1612504156",
        "UF_CRM_1687705618"
    ],
    "dim_mark": [
        "UF_CRM_1611565554",
        "UF_CRM_1592391634",
        "UF_CRM_1680491934",
        "UF_CRM_1611036044",
        "UF_CRM_1686814065"
    ],
    "dim_complect": [
        "UF_CRM_1592392009",
        "UF_CRM_1611036159",
        "UF_CRM_1611565674",
        "UF_CRM_1680492775",
        "UF_CRM_1687514794"
    ],
    "dim_kpp": [
        "UF_CRM_1611221720"
    ],
    "dim_sales_type": [
        "UF_CRM_1586841138",
        "UF_CRM_1686906300"
    ],
    "dim_diller": [
        "UF_CRM_1605276676",
        "UF_CRM_1604656131",
        "UF_CRM_1686750597",
        "UF_CRM_1690870330"
    ],
    "dim_city": [
        "UF_CRM_1603233435",
        "UF_CRM_1609922283",
        "UF_CRM_1686844663",
        "UF_CRM_1686844828"
    ],
    "dim_treatment_type": [
        "UF_CRM_1586840541",
        "UF_CRM_1686842116",
        "UF_CRM_1686842116"
    ]
}